key,kind,flag,english,urdu_draft,urdu_final_(edit_here),polish_draft,polish_final_(edit_here),notes
app.title,html_text,keep-verbatim,CheckIT — SCANSMART,CheckIT — SCANSMART,,CheckIT — SCANSMART,,<title> tag; em dash
splash.hero.alt,html_attr,,"The CheckIT Crew — KiP, SaK, and Dr RooT",CheckIT کریو — KiP، SaK، اور Dr RooT,,"Ekipa CheckIT — KiP, SaK i Dr RooT",,img alt
splash.brandmark,html_text,keep-verbatim,SCANSMART,SCANSMART,,SCANSMART,,
splash.wordmark,html_text,,"<span class=""checkit-check"">Check</span><span class=""checkit-it"">IT</span>","<span class=""checkit-check"">Check</span><span class=""checkit-it"">IT</span>",,"<span class=""checkit-check"">Check</span><span class=""checkit-it"">IT</span>",,split across two spans: 'Check' (italic) + 'IT'
splash.tagline,html_text,,For people who want to know what's really in their food.,ان لوگوں کے لیے جو جاننا چاہتے ہیں کہ ان کے کھانے میں اصل میں کیا ہے۔,,"Dla osób, które chcą wiedzieć, co naprawdę jest w ich jedzeniu.",,
splash.crew.intro,html_text,,"Hi, we are the <span class=""checkit-em"">Check</span>IT Crew — KiP, SaK, and Dr RooT. We read what's behind the barcode for you.","ہیلو، ہم <span class=""checkit-em"">Check</span>IT کریو ہیں — KiP، SaK، اور Dr RooT۔ ہم آپ کے لیے بارکوڈ کے پیچھے جو کچھ ہے وہ پڑھتے ہیں۔",,"Cześć, jesteśmy ekipą <span class=""checkit-em"">Check</span>IT — KiP, SaK i Dr RooT. Odczytujemy za Ciebie to, co kryje się za kodem kreskowym.",,contains <span class=checkit-em>Check</span> markup on 'Check'
splash.cta.start,html_text,,Let's go,چلیں,,Zaczynamy,,button
splash.disclaimer,html_text,,Food literacy tool. Not medical advice.,کھانے کی سمجھ بوجھ کا آلہ۔ طبی مشورہ نہیں۔,,Narzędzie do nauki o żywności. Nie stanowi porady medycznej.,,
lang.char.name,html_text,keep-verbatim,KiP,KiP,,KiP,,character name label
lang.prompt,html_text,,Which language works best for you?,آپ کے لیے کون سی زبان سب سے بہتر ہے؟,,Który język będzie dla Ciebie najlepszy?,,KiP speech bubble
lang.option.en,html_text,keep-verbatim,English,English,,English,,"button label, also acts as English option"
lang.option.ur,html_text,keep-verbatim,اردو (Urdu),اردو (Urdu),,اردو (Urdu),,button label; Urdu native + romanised
lang.cta.continue,html_text,,Continue,جاری رکھیں,,Dalej,,button
profile.heading,html_text,,What are you checking?,آپ کیا چیک کر رہے ہیں؟,,Co sprawdzasz?,,
profile.card.sugar,html_text,,Sugar,چینی,,Cukier,,profile card label
profile.card.salt,html_text,,Salt,نمک,,Sól,,
profile.card.caffeine,html_text,,Caffeine,کیفین,,Kofeina,,
profile.card.general,html_text,,General,عمومی,,Ogólne,,
profile.cta.confirm,html_text,,That's me,یہ میں ہوں,,To ja,,"button, initially disabled"
profile.haptic.label,html_text,,📳 Haptic feedback,📳 ہیپٹک فیڈ بیک,,📳 Wibracje dotykowe,,"toggle row label, leading emoji"
onboard.sak.kipsays,html_text,,KiP says...,KiP کہتا ہے...,,KiP mówi...,,label above bubble
onboard.sak.intro,html_text,,Meet <strong>SaK</strong>. Scan and Know. Point your camera at any barcode and SaK will tell you what's really inside.,ملیں <strong>SaK</strong> سے۔ اسکین اینڈ نو (اسکین کریں اور جانیں)۔ اپنا کیمرہ کسی بھی بارکوڈ پر تانیں اور SaK آپ کو بتائے گا کہ اندر اصل میں کیا ہے۔,,"Poznaj <strong>SaK</strong>. Scan and Know. Skieruj aparat na dowolny kod kreskowy, a SaK powie Ci, co naprawdę jest w środku.",,contains <strong>SaK</strong> markup
onboard.sak.name,html_text,,SaK - Scan and Know,SaK - اسکین اینڈ نو,,SaK - Scan and Know,,character name
onboard.sak.bubble,html_text,,KiP! KiP! Ready to scan. Point me at a barcode and I'll tell you what's really in there.,KiP! KiP! اسکین کے لیے تیار۔ مجھے کسی بارکوڈ پر تانیں اور میں آپ کو بتاؤں گا کہ اس میں اصل میں کیا ہے۔,,"KiP! KiP! Gotowy do skanowania. Skieruj mnie na kod kreskowy, a powiem Ci, co naprawdę jest w środku.",,SaK speech bubble
onboard.sak.cta.gotit,html_text,,Got it,سمجھ گیا,,Rozumiem,,button
onboard.sak.cta.skip,html_text,,Skip,چھوڑیں,,Pomiń,,button
onboard.drroot.intro,html_text,,"And this is <strong>Dr RooT</strong>. The brains behind the operation. When you want to understand why something matters for your health, RooT has the answers. No jargon. No judgement. Just the truth.",اور یہ ہیں <strong>Dr RooT</strong>۔ اس سارے کام کے پیچھے کا دماغ۔ جب آپ سمجھنا چاہیں کہ کوئی چیز آپ کی صحت کے لیے کیوں اہم ہے، تو RooT کے پاس جواب ہیں۔ کوئی پیچیدہ اصطلاح نہیں۔ کوئی فیصلہ نہیں۔ بس سچ۔,,"A to jest <strong>Dr RooT</strong>. Mózg całej operacji. Gdy chcesz zrozumieć, dlaczego coś ma znaczenie dla Twojego zdrowia, RooT ma odpowiedzi. Bez żargonu. Bez oceniania. Tylko prawda.",,contains <strong>Dr RooT</strong> markup
onboard.drroot.name,html_text,,Dr RooT - Food Knowledge Guide,Dr RooT - کھانے کے علم کا رہنما,,Dr RooT - Przewodnik po wiedzy o żywności,,character name
onboard.drroot.bubble,html_text,,I'll show you what the numbers mean and why they matter. Tap my detail screen any time you want to go deeper.,میں آپ کو دکھاؤں گا کہ یہ اعداد کیا معنی رکھتے ہیں اور کیوں اہم ہیں۔ جب بھی آپ مزید گہرائی میں جانا چاہیں میری تفصیلی اسکرین پر ٹیپ کریں۔,,"Pokażę Ci, co oznaczają liczby i dlaczego mają znaczenie. Dotknij mojego ekranu szczegółów, kiedy tylko chcesz zgłębić temat.",,Dr RooT speech bubble
onboard.drroot.cta.scan,html_text,,Let's scan,آئیں اسکین کریں,,Skanujmy,,button
onboard.firstscan.bubble,html_text,,Let's try it. Grab something from your cupboard and scan it. This is your first step to knowing what's really in your food.,آئیں اسے آزماتے ہیں۔ اپنی الماری سے کوئی چیز اٹھائیں اور اسے اسکین کریں۔ یہ یہ جاننے کی طرف آپ کا پہلا قدم ہے کہ آپ کے کھانے میں اصل میں کیا ہے۔,,"Spróbujmy. Weź coś z szafki i zeskanuj. To Twój pierwszy krok do poznania tego, co naprawdę jest w Twoim jedzeniu.",,KiP speech bubble
onboard.firstscan.cta,html_text,,Scan my first product,میری پہلی پروڈکٹ اسکین کریں,,Zeskanuj mój pierwszy produkt,,button
scanner.stats.btn,html_text,keep-verbatim,"<svg viewBox=""0 0 24 24"" width=""16"" height=""16"" xmlns=""http://www.w3.org/2000/svg""><rect x=""3"" y=""14"" width=""4"" height=""7"" rx=""1"" fill=""#2D9B6F""/><rect x=""10"" y=""9"" width=""4"" height=""12"" rx=""1"" fill=""#F5A623""/><rect x=""17"" y=""5"" width=""4"" height=""16"" rx=""1"" fill=""#2D9B6F""/></svg> Stats","<svg viewBox=""0 0 24 24"" width=""16"" height=""16"" xmlns=""http://www.w3.org/2000/svg""><rect x=""3"" y=""14"" width=""4"" height=""7"" rx=""1"" fill=""#2D9B6F""/><rect x=""10"" y=""9"" width=""4"" height=""12"" rx=""1"" fill=""#F5A623""/><rect x=""17"" y=""5"" width=""4"" height=""16"" rx=""1"" fill=""#2D9B6F""/></svg> اعداد و شمار",,"<svg viewBox=""0 0 24 24"" width=""16"" height=""16"" xmlns=""http://www.w3.org/2000/svg""><rect x=""3"" y=""14"" width=""4"" height=""7"" rx=""1"" fill=""#2D9B6F""/><rect x=""10"" y=""9"" width=""4"" height=""12"" rx=""1"" fill=""#F5A623""/><rect x=""17"" y=""5"" width=""4"" height=""16"" rx=""1"" fill=""#2D9B6F""/></svg> Statystyki",,button label after inline SVG
scanner.history.btn,html_text,keep-verbatim,"<svg viewBox=""0 0 24 24"" width=""16"" height=""16"" fill=""none"" stroke=""#2D9B6F"" stroke-width=""2.5"" stroke-linecap=""round""><path d=""M12 8v4l3 3""/><circle cx=""12"" cy=""12"" r=""9""/></svg> History","<svg viewBox=""0 0 24 24"" width=""16"" height=""16"" fill=""none"" stroke=""#2D9B6F"" stroke-width=""2.5"" stroke-linecap=""round""><path d=""M12 8v4l3 3""/><circle cx=""12"" cy=""12"" r=""9""/></svg> تاریخچہ",,"<svg viewBox=""0 0 24 24"" width=""16"" height=""16"" fill=""none"" stroke=""#2D9B6F"" stroke-width=""2.5"" stroke-linecap=""round""><path d=""M12 8v4l3 3""/><circle cx=""12"" cy=""12"" r=""9""/></svg> Historia",,button label after inline SVG
scanner.play.btn,html_text,keep-verbatim,"<svg viewBox=""0 0 24 24"" width=""16"" height=""16"" fill=""none"" stroke=""#F5A623"" stroke-width=""2"" stroke-linecap=""round""><rect x=""4"" y=""4"" width=""16"" height=""16"" rx=""3""/><polygon points=""10,8 16,12 10,16"" fill=""#F5A623"" stroke=""none""/></svg> Play","<svg viewBox=""0 0 24 24"" width=""16"" height=""16"" fill=""none"" stroke=""#F5A623"" stroke-width=""2"" stroke-linecap=""round""><rect x=""4"" y=""4"" width=""16"" height=""16"" rx=""3""/><polygon points=""10,8 16,12 10,16"" fill=""#F5A623"" stroke=""none""/></svg> چلائیں",,"<svg viewBox=""0 0 24 24"" width=""16"" height=""16"" fill=""none"" stroke=""#F5A623"" stroke-width=""2"" stroke-linecap=""round""><rect x=""4"" y=""4"" width=""16"" height=""16"" rx=""3""/><polygon points=""10,8 16,12 10,16"" fill=""#F5A623"" stroke=""none""/></svg> Odtwórz",,button label after inline SVG
scanner.website.btn,html_text,keep-verbatim,"<svg viewBox=""0 0 24 24"" width=""16"" height=""16"" fill=""none"" stroke=""#2D9B6F"" stroke-width=""2"" stroke-linecap=""round""><circle cx=""12"" cy=""12"" r=""9""/><path d=""M3 12h18""/><path d=""M12 3a14 14 0 0 1 0 18 14 14 0 0 1 0-18""/></svg> Website","<svg viewBox=""0 0 24 24"" width=""16"" height=""16"" fill=""none"" stroke=""#2D9B6F"" stroke-width=""2"" stroke-linecap=""round""><circle cx=""12"" cy=""12"" r=""9""/><path d=""M3 12h18""/><path d=""M12 3a14 14 0 0 1 0 18 14 14 0 0 1 0-18""/></svg> ویب سائٹ",,"<svg viewBox=""0 0 24 24"" width=""16"" height=""16"" fill=""none"" stroke=""#2D9B6F"" stroke-width=""2"" stroke-linecap=""round""><circle cx=""12"" cy=""12"" r=""9""/><path d=""M3 12h18""/><path d=""M12 3a14 14 0 0 1 0 18 14 14 0 0 1 0-18""/></svg> Strona internetowa",,button label after inline SVG
scanner.tracker.sugar.val,js_template,keep-verbatim,{current}g / {limit}g,{current}g / {limit}g,,{current}g / {limit}g,,initial static '0g / 30g'; values updated by JS
scanner.tracker.sugar.default,html_text,,0g / 30g,0g / 30g,,0g / 30g,,Hardcoded initial daily-tracker display for sugar (#tracker-sugar-val). The unit 'g' and separator are part of rendered UI text; first pass captured only the {current}g/{limit}g template form.
scanner.tracker.salt.default,html_text,,0g / 6g,0g / 6g,,0g / 6g,,Hardcoded initial daily-tracker display for salt (#tracker-salt-val); distinct visible default-state text not represented by the captured template.
scanner.sak.name,html_text,keep-verbatim,SaK,SaK,,SaK,,character name
scanner.sak.prompt,html_text,,KiP! KiP! Point me at a barcode. I'll read it instantly.,KiP! KiP! مجھے کسی بارکوڈ پر تانیں۔ میں اسے فوراً پڑھ لوں گا۔,,KiP! KiP! Skieruj mnie na kod kreskowy. Odczytam go natychmiast.,,
scanner.tapstart.cta,html_text,,Tap to Start Camera,کیمرہ شروع کرنے کے لیے ٹیپ کریں,,"Dotknij, aby uruchomić aparat",,camera-start button main label (preceded by camera emoji span)
scanner.tapstart.hint,html_text,,"iOS needs a direct tap to enable camera. When prompted, choose <b>Allow</b>.",iOS کو کیمرہ فعال کرنے کے لیے براہِ راست ٹیپ درکار ہے۔ جب پوچھا جائے تو <b>اجازت دیں</b> کا انتخاب کریں۔,,"iOS wymaga bezpośredniego dotknięcia, aby włączyć aparat. Gdy pojawi się pytanie, wybierz <b>Zezwól</b>.",,contains <b>Allow</b> markup
scanner.hint,html_text,,Hold your camera steady over any food product barcode,اپنا کیمرہ کسی بھی کھانے کی پروڈکٹ کے بارکوڈ پر مستحکم رکھیں,,Trzymaj aparat nieruchomo nad kodem kreskowym dowolnego produktu spożywczego,,
scanner.manualentry.btn,html_text,,Type barcode manually instead,اس کے بجائے بارکوڈ خود ٹائپ کریں,,Zamiast tego wpisz kod kreskowy ręcznie,,button
scanner.taptostart.emoji,html_text,keep-verbatim,📷,📷,,📷,,camera emoji glyph; likely non-translatable
scanner.photolabel.btn,html_text,,📷 No barcode? Photograph the label,📷 بارکوڈ نہیں ہے؟ لیبل کی تصویر لیں,,📷 Brak kodu kreskowego? Sfotografuj etykietę,,"button, leading camera emoji"
scanner.retrycamera.btn,html_text,,Retry camera,کیمرہ دوبارہ آزمائیں,,Spróbuj ponownie uruchomić aparat,,"button, hidden by default"
result.product.name.default,html_text,,Product Name,پروڈکٹ کا نام,,Nazwa produktu,,placeholder text replaced by JS with scanned product name
result.back.aria,html_text,keep-verbatim,←,←,,←,,"back-arrow glyph (&larr;); decorative, non-translatable"
detail.char.name,html_text,keep-verbatim,Dr RooT,Dr RooT,,Dr RooT,,character name in detail header
detail.header.sub,html_text,,Full nutritional breakdown,مکمل غذائی تفصیل,,Pełna analiza wartości odżywczych,,detail screen subheading
stats.title,html_text,,Weekly Summary,ہفتہ وار خلاصہ,,Podsumowanie tygodniowe,,
manual.title,html_text,,Enter Barcode,بارکوڈ درج کریں,,Wpisz kod kreskowy,,
manual.sub,html_text,,Type or paste the barcode number from the product packaging. Usually 8 or 13 digits.,پروڈکٹ کی پیکنگ سے بارکوڈ نمبر ٹائپ کریں یا پیسٹ کریں۔ عام طور پر 8 یا 13 ہندسے۔,,Wpisz lub wklej numer kodu kreskowego z opakowania produktu. Zwykle 8 lub 13 cyfr.,,
manual.input.placeholder,html_attr,,e.g. 5000169021532,مثلاً 5000169021532,,np. 5000169021532,,placeholder attribute on barcode input
manual.btn.cancel,html_text,,Cancel,منسوخ کریں,,Anuluj,,
manual.btn.scan,html_text,,Scan it,اسے اسکین کریں,,Zeskanuj,,
contribute.title,html_text,,Add to the I500,I500 میں شامل کریں,,Dodaj do I500,,modal title; also set dynamically via #contribute-modal-title
contribute.sub,html_text,,This product isn't in the I500 database yet. Add the key nutrition values from the label and it's there for every CheckIT user who scans this barcode next.,یہ پروڈکٹ ابھی تک I500 ڈیٹابیس میں موجود نہیں ہے۔ لیبل سے اہم غذائی اقدار شامل کریں اور یہ ہر اُس CheckIT صارف کے لیے موجود ہو جائے گا جو آگے یہ بارکوڈ اسکین کرے گا۔,,"Tego produktu nie ma jeszcze w bazie I500. Dodaj kluczowe wartości odżywcze z etykiety, a będzie dostępny dla każdego użytkownika CheckIT, który następnym razem zeskanuje ten kod kreskowy.",,
contribute.field.name.label,html_text,,Product name,پروڈکٹ کا نام,,Nazwa produktu,,
contribute.field.name.placeholder,html_attr,,e.g. Brand Biscuits,مثلاً Brand Biscuits,,np. Markowe Herbatniki,,placeholder attribute
contribute.field.brand.label,html_text,,Brand,برانڈ,,Marka,,
contribute.field.brand.placeholder,html_attr,,e.g. McVitie's,مثلاً McVitie's,,np. McVitie's,,placeholder attribute; brand name example
contribute.field.sugar.label,html_text,,Sugar (g per 100g),چینی (g فی 100g),,Cukier (g na 100g),,
contribute.field.sugar.placeholder,html_attr,,e.g. 12.5,مثلاً 12.5,,np. 12.5,,placeholder attribute
contribute.field.salt.label,html_text,,Salt (g per 100g),نمک (g فی 100g),,Sól (g na 100g),,
contribute.field.salt.placeholder,html_attr,,e.g. 0.8,مثلاً 0.8,,np. 0.8,,placeholder attribute
contribute.field.satfat.label,html_text,,Saturated fat (g per 100g),سیر شدہ چکنائی (g فی 100g),,Tłuszcze nasycone (g na 100g),,
contribute.field.satfat.placeholder,html_attr,,e.g. 3.2,مثلاً 3.2,,np. 3.2,,placeholder attribute
contribute.field.kcal.label,html_text,,Energy (kcal per 100g),توانائی (kcal فی 100g),,Energia (kcal na 100g),,
contribute.field.kcal.placeholder,html_attr,,e.g. 420,مثلاً 420,,np. 420,,placeholder attribute
contribute.photo.label,html_text,,Or photograph the label,یا لیبل کی تصویر کھینچیں,,Albo sfotografuj etykietę,,
contribute.photo.btn,html_text,,Open camera for label photo,لیبل کی تصویر کے لیے کیمرہ کھولیں,,"Otwórz aparat, aby zrobić zdjęcie etykiety",,approx line; button after hidden file input
contribute.photo.captured,html_text,,Photo captured,تصویر کھینچ لی گئی,,Zrobiono zdjęcie,,approx line; shown after photo taken
contribute.btn.save,html_text,,Save,محفوظ کریں,,Zapisz,,line 932 in 930-960 block; submit contribution button
contribute.disclaimer,html_text,,"This goes to <strong style=""color:var(--emerald)"">KiP's I500 database</strong> &mdash; our own label-verified dataset for products the mainstream apps miss. Your contribution helps other shoppers in your community. It doesn't go to Open Food Facts.","یہ <strong style=""color:var(--emerald)"">KiP کے I500 ڈیٹابیس</strong> &mdash; ہمارے اپنے لیبل سے تصدیق شدہ ڈیٹاسیٹ میں جاتا ہے، اُن پروڈکٹس کے لیے جنہیں مرکزی دھارے کی ایپس چھوڑ دیتی ہیں۔ آپ کا تعاون آپ کی کمیونٹی کے دوسرے خریداروں کی مدد کرتا ہے۔ یہ Open Food Facts کو نہیں جاتا۔",,"To trafia do <strong style=""color:var(--emerald)"">bazy I500 KiP</strong> &mdash; naszego własnego, zweryfikowanego na podstawie etykiet zbioru danych o produktach, które pomijają popularne aplikacje. Twój wkład pomaga innym kupującym w Twojej społeczności. Nie trafia to do Open Food Facts.",,contains <strong> markup on 'KiP's I500 database' and &mdash;
loading.text,html_text,,Looking up product...,پروڈکٹ تلاش کیا جا رہا ہے...,,Wyszukiwanie produktu...,,loading overlay default text; updated dynamically
privacy.status.off,js_literal,,Sharing is OFF.,شیئرنگ بند ہے۔,,Udostępnianie jest WYŁĄCZONE.,,set in setOptedOut when sharing disabled
privacy.status.on,js_literal,,Sharing buying choices only — not personal data.,صرف خریداری کے انتخاب شیئر کیے جا رہے ہیں — ذاتی ڈیٹا نہیں۔,,Udostępniamy tylko decyzje zakupowe — nie dane osobowe.,,set in setOptedOut when sharing enabled; same string as footer default
privacy.firstScan.disclaimer,js_literal,,"We collect your buying choices, not your personal data. Tap Buy, Put back, or Just looking and KiP sends that tap to ScanSmart with the barcode and traffic-light reading. No name, no location, nothing that identifies you. Turn off in Settings → Privacy.",ہم آپ کے خریداری کے انتخاب جمع کرتے ہیں، آپ کا ذاتی ڈیٹا نہیں۔ Buy، Put back، یا Just looking پر ٹیپ کریں اور KiP وہ ٹیپ بارکوڈ اور ٹریفک لائٹ ریڈنگ کے ساتھ ScanSmart کو بھیج دیتا ہے۔ نہ نام، نہ مقام، اور نہ کوئی ایسی چیز جو آپ کی شناخت کرے۔ Settings → Privacy میں جا کر بند کریں۔,,"Zbieramy Twoje decyzje zakupowe, a nie dane osobowe. Dotknij Kupuję, Odkładam lub Tylko oglądam, a KiP przekaże to dotknięcie do ScanSmart wraz z kodem kreskowym i odczytem sygnalizacji świetlnej. Bez imienia, bez lokalizacji, bez niczego, co Cię identyfikuje. Wyłącz w Ustawieniach → Prywatność.",,"innerHTML; leading clause wrapped in <strong>, then <br>; first-scan disclaimer bar"
privacy.footer.shareLabel,js_template,,Share,شیئر کریں,,Udostępniaj,,"label next to privacy toggle checkbox, within innerHTML template literal"
additive.result.summary,js_template,,Dr RooT found {count} E number{plural} in this product.,Dr RooT کو اس پروڈکٹ میں {count} E نمبر{plural} ملے۔,,Dr RooT znalazł {count} numer{plural} E w tym produkcie.,,"plural is '' or 's' computed inline; base sentence of a concatenated message, further clauses appended at lines 1627 and 1630"
additive.result.summary.redCount,js_template,, {redCount} flagged red., {redCount} کو سرخ نشان زد کیا گیا۔,, {redCount} oznaczono na czerwono.,,appended to additive.result.summary via += (leading space intentional)
additive.result.summary.profileRelevant,js_template,, {count} relevant to your profile., {count} آپ کے پروفائل سے متعلق۔,, {count} istotnych dla Twojego profilu.,,appended to additive.result.summary via += (leading space intentional)
additive.result.warning.title,html_text,,E Numbers Detected,E نمبر مل گئے,,Wykryto numery E,,wrapped in <strong> inside built HTML string
additive.result.warning.cta,js_template,,"{msg} Tap ""Dr RooT - explain this to me"" for the full breakdown.","{msg} مکمل تفصیل کے لیے ""Dr RooT - explain this to me"" پر ٹیپ کریں۔",,"{msg} Dotknij „Dr RooT - wyjaśnij mi to”, aby zobaczyć pełną analizę.",,msg is the assembled summary sentence (additive.result.summary + appended clauses); the quoted 'Dr RooT - explain this to me' references a button label defined elsewhere
additive.risk.label.red,js_literal,,Avoid if possible,اگر ممکن ہو تو پرہیز کریں,,"Unikaj, jeśli to możliwe",,risk label shown when e.risk === 'red' (ternary)
additive.risk.label.amber,js_literal,,Worth knowing,جاننے کے قابل,,Warto wiedzieć,,risk label shown when e.risk === 'amber' (ternary)
additive.risk.label.green,js_literal,,No concern,کوئی تشویش نہیں,,Bez obaw,,risk label shown for green / default (ternary)
additive.card.profileFlag,js_template,,Relevant to your {profileName} profile,آپ کے {profileName} پروفائل سے متعلق,,Istotne dla Twojego profilu {profileName},,preceded by an inline warning SVG icon; profileName from profileLabel()
additive.decoder.summary.count.red,js_template,,{redCount} red,{redCount} سرخ,,{redCount} czerwone,,"inside a colored <span>; only the word 'red' is translatable, count is numeric"
additive.decoder.summary.count.amber,js_template,,{amberCount} amber,{amberCount} عنبری,,{amberCount} bursztynowe,,inside a colored <span>; only the word 'amber' is translatable
additive.decoder.summary.count.green,js_template,,{greenCount} green,{greenCount} سبز,,{greenCount} zielone,,inside a colored <span>; only the word 'green' is translatable
additive.decoder.summary,js_template,,{count} E number{plural} found: {breakdown}.,{count} E نمبر{plural} ملے: {breakdown}۔,,Znaleziono {count} numer{plural} E: {breakdown}.,,"breakdown is a comma-joined list of colored count spans built at lines 1681-1683, e.g. '<span ...>2 red</span>, <span ...>3 amber</span>, <span ...>1 green</span>'. The literal words 'red', 'amber', 'green' appear in those spans."
additive.decoder.summary.profileFlag,js_template,, {count} flagged for your {profileName} profile., {count} آپ کے {profileName} پروفائل کے لیے نشان زد۔,, {count} oznaczono dla Twojego profilu {profileName}.,,appended via +=; wrapped in <strong>; profileName from profileLabel(state.profile)
additive.decoder.header.title,html_text,,E Numbers Decoded,E نمبروں کی تشریح,,Numery E rozszyfrowane,,section header text node in built HTML
detail.salt.dataUnavailable,js_literal,,Data unavailable,ڈیٹا دستیاب نہیں,,Dane niedostępne,,Salt sachet visualisation fallback when saltPer100g is null; wrapped in styled span
detail.salt.perLabel,js_template,,{salt}g salt per 100g,{salt}g نمک فی 100g,,{salt}g soli na 100g,,salt = saltPer100g.toFixed(2); opens a div that the HIGH/MEDIUM/LOW badge is appended to
detail.level.high,js_template,,HIGH,زیادہ,,WYSOKA,,Appended to salt label when traffic-light = red; wrapped in coloured strong-style span. Same token reused for sugar (line 1961)
detail.level.medium,js_template,,MEDIUM,درمیانہ,,ŚREDNI,,Appended when traffic-light = amber; reused for sugar (line 1962)
detail.level.low,js_template,,LOW,کم,,NISKI,,Appended when traffic-light = green; reused for sugar (line 1963)
detail.salt.sachetEquiv,js_literal,,Each sachet = approximately 0.3g salt,ہر ساشے = تقریباً 0.3g نمک,,"Każda saszetka = około 0,3 g soli",,Sub-caption under the salt sachet row
detail.sugar.perLabel,js_template,,{sugar}g sugar per 100g,{sugar}g چینی فی 100g,,{sugar} g cukru na 100 g,,sugar = sugarPer100g.toFixed(1); HIGH/MEDIUM/LOW badge appended after
detail.sugar.spoonEquiv,js_literal,HEALTH-CHECK,Each spoon = 4g sugar (1 teaspoon),ہر چمچ = 4g چینی (1 چائے کا چمچ),,Każda łyżeczka = 4 g cukru (1 łyżeczka),,Sub-caption under the sugar spoon row
scanner.status.requesting,js_literal,,Requesting camera access...,کیمرے تک رسائی کی درخواست کی جا رہی ہے...,,Prośba o dostęp do aparatu...,,Scan status while calling getUserMedia
scanner.error.blocked,js_literal,,Camera blocked. On iOS: Settings → Safari → Camera → Allow. Then reload.,کیمرہ بلاک ہے۔ iOS پر: Settings ← Safari ← Camera ← Allow۔ پھر دوبارہ لوڈ کریں۔,,Aparat zablokowany. W iOS: Ustawienia → Safari → Aparat → Zezwól. Następnie odśwież.,,Shown on NotAllowedError/PermissionDeniedError; contains arrow characters
scanner.error.notFound,js_literal,,No camera found on this device.,اس ڈیوائس پر کوئی کیمرہ نہیں ملا۔,,Nie znaleziono aparatu na tym urządzeniu.,,Shown on NotFoundError/DevicesNotFoundError
scanner.error.notSupported,js_literal,,Camera not supported. Make sure you are using HTTPS.,کیمرہ سپورٹڈ نہیں ہے۔ یقینی بنائیں کہ آپ HTTPS استعمال کر رہے ہیں۔,,"Aparat nieobsługiwany. Upewnij się, że używasz HTTPS.",,Shown on NotSupportedError or missing mediaDevices
scanner.error.unavailable,js_template,,Camera unavailable: {detail},کیمرہ دستیاب نہیں: {detail},,Aparat niedostępny: {detail},,Generic camera error fallback; detail = e.message || e.name (browser-supplied)
scanner.error.playbackBlocked,js_literal,,Video playback blocked. Tap to resume.,ویڈیو پلے بیک بلاک ہے۔ دوبارہ شروع کرنے کے لیے ٹیپ کریں۔,,"Odtwarzanie wideo zablokowane. Dotknij, aby wznowić.",,Shown when video.play() rejects
scanner.status.barcodeDetected,js_template,,Barcode: {code},بارکوڈ: {code},,Kod kreskowy: {code},,Shown when a barcode is read; appears in both native-detector (line 2204) and ZXing (line ~2259) paths
scanner.status.loadingDecoder,js_literal,,Loading decoder...,ڈیکوڈر لوڈ ہو رہا ہے...,,Wczytywanie dekodera...,,Shown while loading ZXing fallback bundle
scanner.error.decoderFailed,js_literal,,Decoder failed to load. Use manual entry.,ڈیکوڈر لوڈ ہونے میں ناکام رہا۔ دستی اندراج استعمال کریں۔,,Nie udało się wczytać dekodera. Użyj ręcznego wprowadzania.,,Shown when ZXing bundle fails to load from all sources
scanner.status.barcodePrefix,js_template,,Barcode: {barcode},بارکوڈ: {barcode},,Kod kreskowy: {barcode},,Status text 'Barcode: ' + text; appears in native and zxing detect paths (also ~line 2360)
scanner.status.cameraUnavailable,js_literal,,Camera unavailable. Use manual entry below.,کیمرہ دستیاب نہیں۔ نیچے دستی اندراج استعمال کریں۔,,Aparat niedostępny. Użyj ręcznego wprowadzania poniżej.,,Set on #scan-status when camera fails
lookup.error.network,js_literal,,Network error. Check your connection and try again.,نیٹ ورک کی خرابی۔ اپنا کنکشن چیک کریں اور دوبارہ کوشش کریں۔,,Błąd sieci. Sprawdź połączenie i spróbuj ponownie.,,showError on fetch failure with no cache fallback
detail.product.fallback_name,js_literal,,This product,یہ پروڈکٹ,,Ten produkt,,"Default fallback product name used in the Sugar Detective alert when product_name is empty: escapeHtml(product.product_name || 'This product'). User-facing, appears in the rendered sentence."
detail.sugarDetective.title,js_template,,KiP's Sugar Detective,KiP کا شوگر ڈٹیکٹِو,,Cukrowy Detektyw KiP,,Inside buildSugarDetectiveAlert HTML; <strong> heading
detail.sugarDetective.body,js_template,,The label for {productName} may seem straightforward. But I found: {aliasList}. That's {count} {kindOrKinds} of sugar hiding in plain sight. Now you,{productName} کا لیبل سادہ لگ سکتا ہے۔ لیکن مجھے یہ ملا: {aliasList}۔ یہ چینی کی {count} {kindOrKinds} ہیں جو نظروں کے سامنے چھپی ہوئی ہیں۔ اب آپ,,Etykieta produktu {productName} może wydawać się prosta. Ale znalazłem: {aliasList}. To {count} {kindOrKinds} cukru ukrytych na widoku. Teraz ty,,Contains inline <strong> markup around aliasList and count; sentence appears truncated/cut off ('Now you ') in source. kindOrKinds = 'kind' (singular) / 'kinds' (plural) — see next two keys.
detail.sugarDetective.kindSingular,js_template,,kind,قسم,,rodzaj,,Singular form used when found.length === 1
detail.sugarDetective.kindPlural,js_template,,kinds,اقسام,,rodzaje,,Plural form used when found.length !== 1
detail.sugar.detective_body,js_template,,The label for {productName} may seem straightforward. But I found: {aliasList}. That's {count} {kindOrKinds} of sugar hiding in plain sight. Now you know.,{productName} کا لیبل سادہ لگ سکتا ہے۔ لیکن مجھے یہ ملا: {aliasList}۔ یہ چینی کی {count} {kindOrKinds} ہیں جو نظروں کے سامنے چھپی ہوئی ہیں۔ اب آپ جان گئے۔,,Etykieta produktu {productName} może wydawać się prosta. Ale znalazłem: {aliasList}. To {count} {kindOrKinds} cukru ukrytych na widoku. Teraz już wiesz.,,First pass captured this sentence TRUNCATED ('...Now you ' with trailing space) because the read was clipped at 300 chars. The actual literal ends 'Now you know.' — the trailing 'know.' was missed. The translatable unit must include the full ending.
nutrient.label.sugar,js_template,,sugar,چینی,,cukier,,nutrientLabel value used inside alternatives header/card sentences
nutrient.label.salt,js_template,,salt,نمک,,sól,,nutrientLabel value used inside alternatives header/card sentences
alternatives.card.stat,js_template,,{value}g {nutrient} per 100g,{value}g {nutrient} فی 100g,,{value} g {nutrient} na 100 g,,alt-card-stat; nutrient is 'sugar' or 'salt' (nutrientLabel); value is a.value.toFixed(1)
alternatives.header.text,js_template,,KiP! KiP! This one's high in {nutrient}. But I've found something better.,KiP! KiP! اس میں {nutrient} زیادہ ہے۔ لیکن مجھے کچھ بہتر مل گیا ہے۔,,KiP! KiP! Ten ma dużo {nutrient}. Ale znalazłem coś lepszego.,,SaK speech-bubble header in alt-section; nutrient is 'sugar' or 'salt'
result.value.tracker.sugar,js_template,,{sugar}g / {limit}g,{sugar}g / {limit}g,,{sugar} g / {limit} g,,Daily tracker sugar value readout (tracker-sugar-val.textContent)
result.value.tracker.salt,js_template,,{salt}g / {limit}g,{salt}g / {limit}g,,{salt} g / {limit} g,,Daily tracker salt value readout (tracker-salt-val.textContent)
stats.todaysLog.label,js_literal,,Today's Log,آج کا لاگ,,Dzisiejszy dziennik,,section label in showWeeklyStats
stats.sugar.summary,js_template,,Sugar: {sugar}g of {limit}g limit ({pct}%),چینی: {limit}g کی حد میں سے {sugar}g ({pct}%),,Cukier: {sugar} g z limitu {limit} g ({pct}%),,
stats.salt.summary,js_template,,Salt: {salt}g of {limit}g limit ({pct}%),نمک: {limit}g کی حد میں سے {salt}g ({pct}%),,Sól: {salt} g z limitu {limit} g ({pct}%),,
stats.items.scannedToday,js_template,,{count} {itemWord} scanned today,آج {count} {itemWord} اسکین کیے گئے,,Dziś zeskanowano: {count} {itemWord},,itemWord = 'item' (singular) or 'items' (plural)
stats.items.singular,js_literal,,item,آئٹم,,produkt,,
stats.items.plural,js_literal,,items,آئٹمز,,produktów,,
stats.itemsToday.label,js_literal,,Items today,آج کے آئٹمز,,Produkty dzisiaj,,
stats.item.nutrients,js_template,,Sugar: {sugar}g | Salt: {salt}g,چینی: {sugar}g | نمک: {salt}g,,Cukier: {sugar} g | Sól: {salt} g,,per-item line in items-today list
stats.thisWeek.label,js_literal,,This Week,اس ہفتے,,W tym tygodniu,,section label preceding weekly table (contains table markup)
stats.table.header.date,html_text,,Date,تاریخ,,Data,,weekly table <th>
stats.table.header.items,html_text,,Items,آئٹمز,,Produkty,,weekly table <th>
result.product.unknownName,js_literal,,Unknown Product,نامعلوم پروڈکٹ,,Nieznany produkt,,fallback product name; also used at line ~3061 in recordDecision
result.name.withBrand,js_template,,{name} - {brand},{name} - {brand},,{name} - {brand},,result-name text; brand suffix optional
result.alt.spinner.searching,js_literal,,Looking for better alternatives...,بہتر متبادل تلاش کیے جا رہے ہیں...,,Szukam lepszych alternatyw...,,spinner label while fetching alternatives
result.i500.badge.title,js_template,,From the I500,I500 سے,,Z I500,,I500 provenance badge <strong>; sits in HTML template
result.i500.badge.verified,js_template,,{id} &middot; Label-verified,{id} &middot; لیبل سے تصدیق شدہ,,{id} &middot; Zweryfikowane z etykiety,,I500 badge subtext; uses HTML entity &middot;
result.i500.badge.notInOFF,js_template,, · Not in Open Food Facts, · Open Food Facts میں نہیں,, · Brak w Open Food Facts,,appended to I500 badge subtext when inOFF===false; HTML entity &middot;
result.verdict.kipSays.prefix,js_template,,KiP says: ,KiP کہتا ہے: ,,KiP mówi: ,,verdict banner <strong> prefix before verdict word
result.verdict.green,js_template,,Good to go,ٹھیک ہے، جا سکتے ہیں,,Można brać,,verdict word for green
result.verdict.amber,js_template,,One thing to know,ایک بات جاننے کی ہے,,Jedno warto wiedzieć,,verdict word for amber
result.verdict.red,js_template,,High - check this one,زیادہ - اسے چیک کریں,,Wysoki - sprawdź ten,,verdict word for red
result.section.per100g,html_text,,Per 100g,فی 100g,,Na 100g,,section label in result template
result.nutriCard.fat,js_literal,,Fat,چکنائی,,Tłuszcz,,nutriCard label arg
result.nutriCard.satFat,js_literal,,Sat Fat,سیر شدہ چکنائی,,Tł. nasycone,,nutriCard label arg
result.decision.prompt,html_text,,What will you do with this?,آپ اِس کے ساتھ کیا کریں گے؟,,Co z tym zrobisz?,,decision-label
result.decision.buy,html_text,,Buy,خریدیں,,Kup,,decision button label
result.decision.buy.sub,html_text,,goes in basket,ٹوکری میں جائے گا,,trafia do koszyka,,decision-sub
result.decision.putBack,html_text,,Put back,واپس رکھیں,,Odłóż,,decision button label
result.decision.putBack.sub,html_text,,KiP saved you,KiP نے آپ کو بچا لیا,,KiP cię uratował,,decision-sub
result.decision.justLooking,html_text,,Just looking,صرف دیکھ رہے ہیں,,Tylko oglądam,,decision button label
result.decision.justLooking.sub,html_text,,no decision,کوئی فیصلہ نہیں,,brak decyzji,,decision-sub
result.btn.drRootExplain,js_template,,Dr RooT - explain this to me,Dr RooT - یہ مجھے سمجھائیں,,Dr RooT - wyjaśnij mi to,,button text preceded by drRootAvatar icon
result.btn.scanNext,html_text,,Scan next,اگلا اسکین کریں,,Skanuj kolejny,,primary button
result.btn.done,html_text,,Done,ہو گیا,,Gotowe,,outline button
result.disclaimer.dataSource,js_template,,Data from Open Food Facts. Not medical advice.,ڈیٹا Open Food Facts سے۔ یہ طبی مشورہ نہیں ہے۔,,Dane z Open Food Facts. To nie jest porada medyczna.,,footer disclaimer; followed by <br> and optional profile line
result.disclaimer.profileActive,js_template,,{profile} profile active,{profile} پروفائل فعال ہے,,Profil {profile} aktywny,,shown when state.profile set; profile via profileLabel()
result.decision.toast.buy,js_literal,,Added to today,آج میں شامل کر دیا,,Dodano do dzisiaj,,decision toast for buy
result.decision.toast.putBack,js_literal,,Noted: put back,نوٹ کر لیا: واپس رکھ دیا,,Zanotowano: odłożono,,decision toast
result.decision.toast.viewed,js_literal,,Noted: just looking,نوٹ کر لیا: صرف دیکھ رہے ہیں,,Zanotowano: tylko oglądam,,decision toast
result.nova.label.1,js_literal,,Unprocessed,غیر پروسیس شدہ,,Nieprzetworzone,,NOVA group 1 label
result.nova.label.2,js_literal,,Processed ingredients,پروسیس شدہ اجزاء,,Przetworzone składniki,,NOVA group 2 label
result.nova.label.3,js_literal,,Processed,پروسیس شدہ,,Przetworzone,,NOVA group 3 label
result.nova.label.4,js_literal,,Ultra-processed,انتہائی پروسیس شدہ,,Wysoko przetworzone,,NOVA group 4 label
result.nutriScore.title,js_template,,Nutri-Score,Nutri-Score,,Nutri-Score,,score badge title
result.nova.label.unknown,js_template,,Unknown,نامعلوم,,Nieznane,,NOVA fallback label
result.nova.title,js_template,,NOVA Group,NOVA گروپ,,Grupa NOVA,,score badge title
result.nutriCard.value.unknown,js_template,,?,؟,,?,,nutriCard display when value null
result.nutriCard.dataUnavailable,js_template,,data unavailable,ڈیٹا دستیاب نہیں,,brak danych,,nutriCard sublabel when value null
result.verdict.green.diabetes,js_template,,{name} looks fine for sugar. Green across the board for your profile.,{name} چینی کے لحاظ سے ٹھیک لگتا ہے۔ آپ کے پروفائل کے لیے ہر طرف سے سبز۔,,{name} wygląda dobrze pod względem cukru. Zielony na całej linii dla twojego profilu.,,buildKipVerdict green + diabetes profile
result.verdict.green.hypertension,js_template,,{name} is low in salt. Good choice for your blood pressure.,{name} میں نمک کم ہے۔ آپ کے بلڈ پریشر کے لیے اچھا انتخاب۔,,{name} ma mało soli. Dobry wybór dla twojego ciśnienia krwi.,,buildKipVerdict green + hypertension profile
result.sak.alert.title,html_text,,KiP! KiP! High alert.,KiP! KiP! اہم انتباہ۔,,KiP! KiP! Alarm.,,SaK alert <strong>; closing tag rendered just after line 3180 (buildSakAlert spans 3196-3185 region into 3181)
result.verdict.green.default,js_template,,{name} looks fine. Green on the key nutrients for your profile.,{name} ٹھیک لگتا ہے۔ آپ کے پروفائل کے لیے اہم غذائی اجزاء پر سبز۔,,{name} wygląda dobrze. Zielony na kluczowych składnikach odżywczych dla twojego profilu.,,buildKipVerdict green default
result.sak.alert.body,js_template,,This one's flagged: {items}. That's above what I'd want to see for your profile. Check own-brand or community alternatives.,اِس پر نشان لگا ہے: {items}۔ یہ آپ کے پروفائل کے لیے میری توقع سے زیادہ ہے۔ اون-برانڈ یا کمیونٹی متبادل دیکھیں۔,,"To produkt z ostrzeżeniem: {items}. To więcej, niż chciałbym widzieć dla twojego profilu. Sprawdź marki własne lub alternatywy społeczności.",,SaK alert body; items = list joined by ' and '
result.verdict.amber.2,js_template,,{name} has something worth knowing. Check the numbers below before you decide.,{name} میں کچھ جاننے کے قابل بات ہے۔ فیصلہ کرنے سے پہلے نیچے دیے گئے اعداد دیکھیں۔,,"{name} ma coś, co warto wiedzieć. Sprawdź liczby poniżej, zanim zdecydujesz.",,buildKipVerdict amber
result.verdict.red.2,js_template,,{name} is high in {items}. Worth looking at the alternatives.,{name} میں {items} زیادہ ہے۔ متبادل دیکھنا قابلِ غور ہے۔,,{name} ma dużo {items}. Warto przyjrzeć się alternatywom.,,buildKipVerdict red; items = 'salt'/'sugar'/'salt and sugar'
detail.row.energy,js_literal,,Energy,توانائی,,Energia,,
detail.row.energyKj,js_literal,,Energy (kJ),توانائی (kJ),,Energia (kJ),,
detail.row.fatTotal,js_literal,,Fat (total),چکنائی (کل),,Tłuszcz (ogółem),,
detail.row.saturatedFat,js_literal,,Saturated fat,سیر شدہ چکنائی,,Tłuszcze nasycone,,
detail.row.transFat,js_literal,,Trans fat,ٹرانس چکنائی,,Tłuszcze trans,,
detail.row.cholesterol,js_literal,,Cholesterol,کولیسٹرول,,Cholesterol,,
detail.row.carbohydrates,js_literal,,Carbohydrates,کاربوہائیڈریٹس,,Węglowodany,,
detail.row.ofWhichSugars,js_literal,,of which sugars,جن میں سے شکر,,w tym cukry,,
detail.row.fibre,js_literal,,Fibre,ریشہ,,Błonnik,,
detail.row.protein,js_literal,,Protein,پروٹین,,Białko,,
detail.row.sodium,js_literal,HEALTH-CHECK,Sodium,سوڈیم,,Sód,,
detail.row.calcium,js_literal,,Calcium,کیلشیم,,Wapń,,
detail.row.iron,js_literal,,Iron,آئرن,,Żelazo,,
detail.row.vitaminD,js_literal,HEALTH-CHECK,Vitamin D,وٹامن D,,Witamina D,,
detail.row.vitaminC,js_literal,HEALTH-CHECK,Vitamin C,وٹامن C,,Witamina C,,
detail.row.vitaminA,js_literal,HEALTH-CHECK,Vitamin A,وٹامن A,,Witamina A,,
detail.ingredients.label,js_template,,Ingredients,اجزاء,,Składniki,,"section label; followed by escaped product ingredients_text (data, not translatable)"
detail.section.fullNutritionalData,html_text,,Full Nutritional Data - per 100g,مکمل غذائی معلومات - فی 100g,,Pełne dane odżywcze – na 100g,,
detail.table.header.nutrient,html_text,,Nutrient,غذائی جزو,,Składnik odżywczy,,
detail.trafficLight.legend,js_template,,Red = high. Amber = medium. Green = low. Based on FSA thresholds{profileSuffix}.,سرخ = زیادہ۔ کہربائی = درمیانہ۔ سبز = کم۔ FSA کی حدود پر مبنی{profileSuffix}۔,,Czerwony = wysoki. Bursztynowy = średni. Zielony = niski. Na podstawie progów FSA{profileSuffix}.,,profileSuffix = ' adjusted for your {profileLabel} profile' when a profile is set
detail.trafficLight.legend.profileSuffix,js_template,, adjusted for your {profileLabel} profile, آپ کے {profileLabel} پروفائل کے مطابق ایڈجسٹ کیا گیا,, dostosowane do Twojego profilu {profileLabel},,conditional fragment appended to legend
detail.source.disclaimer,html_text,,Source: Open Food Facts. Data may vary. Always check the physical label. Not medical advice.,ماخذ: Open Food Facts۔ ڈیٹا مختلف ہو سکتا ہے۔ ہمیشہ حقیقی لیبل چیک کریں۔ یہ طبی مشورہ نہیں ہے۔,,Źródło: Open Food Facts. Dane mogą się różnić. Zawsze sprawdzaj fizyczną etykietę. To nie jest porada medyczna.,,
detail.allergens.label,js_template,,Allergens:,الرجی پیدا کرنے والے اجزاء:,,Alergeny:,,<strong>; followed by comma-joined allergen names derived from data
detail.drroot.salt.red.hypertension,js_template,HEALTH-CHECK,"Salt is high at {salt}g per 100g. For hypertension, the NHS recommends no more than 6g of salt per day. Reducing salt intake can lower systolic blood pressure by up to 5mmHg.",نمک زیادہ ہے، فی 100g میں {salt}g۔ بلند فشارِ خون کے لیے، NHS کی سفارش ہے کہ روزانہ 6g سے زیادہ نمک نہ لیا جائے۔ نمک کی مقدار کم کرنے سے سسٹولک بلڈ پریشر 5mmHg تک کم ہو سکتا ہے۔,,Sól jest wysoka – {salt}g na 100g. W przypadku nadciśnienia NHS zaleca nie więcej niż 6g soli dziennie. Ograniczenie spożycia soli może obniżyć skurczowe ciśnienie krwi nawet o 5mmHg.,,
detail.drroot.salt.red.general,js_template,HEALTH-CHECK,"Salt is high at {salt}g per 100g. The NHS recommends adults eat no more than 6g of salt per day. Too much salt raises blood pressure, which increases risk of stroke and heart disease.",نمک زیادہ ہے، فی 100g میں {salt}g۔ NHS کی سفارش ہے کہ بالغ افراد روزانہ 6g سے زیادہ نمک نہ کھائیں۔ بہت زیادہ نمک بلڈ پریشر بڑھاتا ہے، جس سے فالج اور دل کی بیماری کا خطرہ بڑھ جاتا ہے۔,,"Sól jest wysoka – {salt}g na 100g. NHS zaleca, aby dorośli spożywali nie więcej niż 6g soli dziennie. Zbyt duża ilość soli podnosi ciśnienie krwi, co zwiększa ryzyko udaru i chorób serca.",,
detail.drroot.salt.amber,js_template,HEALTH-CHECK,"Salt is {salt}g per 100g, which is medium. The NHS recommends adults eat no more than 6g of salt per day. Worth keeping an eye on your total daily intake.",نمک فی 100g میں {salt}g ہے، جو درمیانہ ہے۔ NHS کی سفارش ہے کہ بالغ افراد روزانہ 6g سے زیادہ نمک نہ کھائیں۔ اپنی روزانہ کی کل مقدار پر نظر رکھنا اچھا ہے۔,,"Sól wynosi {salt}g na 100g, czyli średnio. NHS zaleca, aby dorośli spożywali nie więcej niż 6g soli dziennie. Warto mieć na oku swoje całkowite dzienne spożycie.",,
detail.drroot.salt.green,js_template,HEALTH-CHECK,Salt is low at {salt}g per 100g. Good choice for keeping sodium in check.,نمک کم ہے، فی 100g میں {salt}g۔ سوڈیم کو قابو میں رکھنے کے لیے اچھا انتخاب۔,,"Sól jest niska – {salt}g na 100g. Dobry wybór, aby utrzymać sód pod kontrolą.",,
detail.drroot.sugar.red.diabetes,js_template,HEALTH-CHECK,"Sugar is high at {sugar}g per 100g. For people managing Type 2 diabetes, reducing sugar intake helps with blood glucose control. Research shows every 10% increase in ultra-processed food consumption links to a 17% increase in T2D risk.",چینی زیادہ ہے، فی 100g میں {sugar}g۔ ٹائپ 2 ذیابیطس کا انتظام کرنے والوں کے لیے، چینی کی مقدار کم کرنا خونی گلوکوز کے قابو میں مدد دیتا ہے۔ تحقیق سے ظاہر ہوتا ہے کہ انتہائی پراسیس شدہ خوراک کی کھپت میں ہر 10% اضافہ T2D کے خطرے میں 17% اضافے سے منسلک ہے۔,,"Cukier jest wysoki – {sugar}g na 100g. Dla osób kontrolujących cukrzycę typu 2 ograniczenie spożycia cukru pomaga w kontroli poziomu glukozy we krwi. Badania pokazują, że każde 10% wzrostu spożycia żywności wysoko przetworzonej wiąże się z 17% wzrostem ryzyka cukrzycy typu 2.",,
detail.drroot.sugar.red.general,js_template,HEALTH-CHECK,Sugar is high at {sugar}g per 100g. The NHS recommends adults have no more than 30g of free sugars per day. That is roughly 7.5 teaspoons.,چینی زیادہ ہے، فی 100g میں {sugar}g۔ NHS کی سفارش ہے کہ بالغ افراد روزانہ 30g سے زیادہ آزاد شکر (free sugars) نہ لیں۔ یہ تقریباً 7.5 چائے کے چمچ ہیں۔,,"Cukier jest wysoki – {sugar}g na 100g. NHS zaleca, aby dorośli spożywali nie więcej niż 30g cukrów wolnych dziennie. To około 7,5 łyżeczki.",,
detail.drroot.sugar.amber,js_template,HEALTH-CHECK,"Sugar is {sugar}g per 100g, which is medium. The NHS recommends no more than 30g of free sugars per day (about 7.5 teaspoons). Factor this into your daily total.",چینی فی 100g میں {sugar}g ہے، جو درمیانہ ہے۔ NHS کی سفارش ہے کہ روزانہ 30g سے زیادہ آزاد شکر (تقریباً 7.5 چائے کے چمچ) نہ لیں۔ اسے اپنی روزانہ کی کل مقدار میں شمار کریں۔,,"Cukier wynosi {sugar}g na 100g, czyli średnio. NHS zaleca nie więcej niż 30g cukrów wolnych dziennie (około 7,5 łyżeczki). Uwzględnij to w swoim dziennym bilansie.",,
detail.drroot.sugar.green,js_template,,Sugar is low at {sugar}g per 100g. This is well within healthy limits.,چینی کم ہے، فی 100g میں {sugar}g۔ یہ صحت مند حدود کے اندر بخوبی ہے۔,,Cukier jest niski – {sugar}g na 100g. To mieści się w zdrowych granicach.,,
detail.drroot.fat.red,js_template,HEALTH-CHECK,Total fat is high at {fat}g per 100g. The NHS recommends adults have no more than 70g of fat per day.,کل چکنائی زیادہ ہے، فی 100g میں {fat}g۔ NHS کی سفارش ہے کہ بالغ افراد روزانہ 70g سے زیادہ چکنائی نہ لیں۔,,"Tłuszcz całkowity jest wysoki – {fat}g na 100g. NHS zaleca, aby dorośli spożywali nie więcej niż 70g tłuszczu dziennie.",,
detail.drroot.fat.amber,js_template,HEALTH-CHECK,"Total fat is {fat}g per 100g, which is medium. Keep an eye on your total daily fat intake.",کل چکنائی فی 100g میں {fat}g ہے، جو درمیانہ ہے۔ اپنی روزانہ کی کل چکنائی کی مقدار پر نظر رکھیں۔,,"Tłuszcz całkowity wynosi {fat}g na 100g, czyli średnio. Miej na oku swoje całkowite dzienne spożycie tłuszczu.",,
detail.drroot.fat.green,js_template,,Total fat is low at {fat}g per 100g.,کل چکنائی کم ہے، فی 100g میں {fat}g۔,,Tłuszcz całkowity jest niski – {fat}g na 100g.,,
detail.drroot.satfat.red,js_template,HEALTH-CHECK,Saturated fat is high at {satFat}g per 100g. The NHS recommends men eat no more than 30g and women no more than 20g of saturated fat per day. Too much saturated fat raises LDL cholesterol.,سیر شدہ چکنائی زیادہ ہے، فی 100g میں {satFat}g۔ NHS کی سفارش ہے کہ مرد روزانہ 30g سے زیادہ اور خواتین 20g سے زیادہ سیر شدہ چکنائی نہ کھائیں۔ بہت زیادہ سیر شدہ چکنائی LDL کولیسٹرول بڑھاتی ہے۔,,"Tłuszcze nasycone są wysokie – {satFat}g na 100g. NHS zaleca, aby mężczyźni spożywali nie więcej niż 30g, a kobiety nie więcej niż 20g tłuszczów nasyconych dziennie. Zbyt duża ilość tłuszczów nasyconych podnosi poziom cholesterolu LDL.",,
detail.drroot.satfat.amber,js_template,HEALTH-CHECK,"Saturated fat is {satFat}g per 100g, which is medium. Saturated fat raises LDL cholesterol, so worth watching your daily total.",سیر شدہ چکنائی فی 100g میں {satFat}g ہے، جو درمیانہ ہے۔ سیر شدہ چکنائی LDL کولیسٹرول بڑھاتی ہے، اس لیے اپنی روزانہ کی کل مقدار پر نظر رکھنا اچھا ہے۔,,"Tłuszcze nasycone wynoszą {satFat}g na 100g, czyli średnio. Tłuszcze nasycone podnoszą poziom cholesterolu LDL, więc warto pilnować dziennego bilansu.",,
detail.drroot.satfat.green,js_template,,Saturated fat is low at {satFat}g per 100g. Good for heart health.,سیر شدہ چکنائی کم ہے، فی 100g میں {satFat}g۔ دل کی صحت کے لیے اچھا۔,,Tłuszcze nasycone są niskie – {satFat}g na 100g. Dobre dla zdrowia serca.,,
detail.drroot.carbs.base,js_template,,Carbohydrates: {carbs}g per 100g.,کاربوہائیڈریٹس: فی 100g میں {carbs}g۔,,Węglowodany: {carbs}g na 100g.,,
detail.drroot.carbs.diabetesSuffix,js_template,HEALTH-CHECK," For people managing diabetes, tracking carbohydrate intake is important as carbs have the most direct impact on blood glucose levels.", ذیابیطس کا انتظام کرنے والوں کے لیے، کاربوہائیڈریٹ کی مقدار پر نظر رکھنا اہم ہے کیونکہ کاربز کا خونی گلوکوز کی سطح پر سب سے زیادہ براہِ راست اثر پڑتا ہے۔,," Dla osób kontrolujących cukrzycę śledzenie spożycia węglowodanów jest ważne, ponieważ to węglowodany mają najbardziej bezpośredni wpływ na poziom glukozy we krwi.",,conditional fragment appended to carbs.base
detail.drroot.protein,js_template,HEALTH-CHECK,Protein: {protein}g per 100g. The NHS recommends about 50g of protein per day for adults.,پروٹین: فی 100g میں {protein}g۔ NHS کی سفارش ہے کہ بالغ افراد روزانہ تقریباً 50g پروٹین لیں۔,,Białko: {protein}g na 100g. NHS zaleca dorosłym około 50g białka dziennie.,,
detail.drroot.fibre,js_template,HEALTH-CHECK,Fibre: {fibre}g per 100g. The NHS recommends 30g of fibre per day. Most adults in the UK only get about 18g.,فائبر: فی 100g میں {fibre}g۔ NHS کی سفارش ہے کہ روزانہ 30g فائبر لیا جائے۔ برطانیہ میں زیادہ تر بالغ افراد صرف تقریباً 18g ہی لیتے ہیں۔,,Błonnik: {fibre}g na 100g. NHS zaleca 30g błonnika dziennie. Większość dorosłych w Wielkiej Brytanii spożywa tylko około 18g.,,
detail.drroot.fibre.goodSourceSuffix,js_template,, This is a good source of fibre., یہ فائبر کا ایک اچھا ذریعہ ہے۔,, To dobre źródło błonnika.,,appended when fibre >= 6
detail.drroot.energy,js_template,HEALTH-CHECK,"Energy: {energy} kcal per 100g. The daily reference intake is around 2,000 kcal for women and 2,500 kcal for men.","توانائی: فی 100g میں {energy} kcal۔ روزانہ کی حوالہ جاتی مقدار خواتین کے لیے تقریباً 2,000 kcal اور مردوں کے لیے 2,500 kcal ہے۔",,Energia: {energy} kcal na 100g. Dzienne referencyjne spożycie wynosi około 2 000 kcal dla kobiet i 2 500 kcal dla mężczyzn.,,
detail.drroot.transfat.high,js_template,HEALTH-CHECK,"Trans fat: {transFat}g per 100g. The WHO recommends limiting trans fat to less than 1% of total energy intake. Trans fats raise LDL (""bad"") cholesterol and lower HDL (""good"") cholesterol, increasing heart disease risk.","ٹرانس چکنائی: فی 100g میں {transFat}g۔ WHO کی سفارش ہے کہ ٹرانس چکنائی کو کل توانائی کی مقدار کے 1% سے کم تک محدود رکھا جائے۔ ٹرانس چکنائیاں LDL (""بری"") کولیسٹرول بڑھاتی ہیں اور HDL (""اچھی"") کولیسٹرول کم کرتی ہیں، جس سے دل کی بیماری کا خطرہ بڑھتا ہے۔",,"Tłuszcze trans: {transFat}g na 100g. WHO zaleca ograniczenie tłuszczów trans do mniej niż 1% całkowitego spożycia energii. Tłuszcze trans podnoszą poziom cholesterolu LDL („złego”) i obniżają poziom cholesterolu HDL („dobrego”), zwiększając ryzyko chorób serca.",,
detail.drroot.transfat.low,js_template,,"Trans fat: {transFat}g per 100g. Low level, but the WHO recommends eliminating industrially produced trans fats from the food supply entirely.",ٹرانس چکنائی: فی 100g میں {transFat}g۔ کم سطح، لیکن WHO کی سفارش ہے کہ صنعتی طور پر تیار کردہ ٹرانس چکنائیوں کو خوراک کی فراہمی سے مکمل طور پر ختم کر دیا جائے۔,,"Tłuszcze trans: {transFat}g na 100g. Niski poziom, ale WHO zaleca całkowite wyeliminowanie przemysłowo produkowanych tłuszczów trans z żywności.",,
detail.drroot.transfat.none,js_literal,,Trans fat: none detected. Good — trans fats are the most harmful type of dietary fat.,ٹرانس چکنائی: کوئی نہیں ملی۔ اچھا — ٹرانس چکنائیاں غذائی چکنائی کی سب سے نقصان دہ قسم ہیں۔,,Tłuszcze trans: nie wykryto. Dobrze – tłuszcze trans to najbardziej szkodliwy rodzaj tłuszczu w diecie.,,
detail.drroot.cholesterol.high,js_template,HEALTH-CHECK,"Cholesterol: {cholMg}mg per 100g. This is relatively high. While dietary cholesterol has less impact than previously thought, the NHS still recommends keeping intake moderate, especially if you have heart disease or high cholesterol.",کولیسٹرول: فی 100g میں {cholMg}mg۔ یہ نسبتاً زیادہ ہے۔ اگرچہ غذائی کولیسٹرول کا اثر پہلے کی سوچ سے کم ہے، NHS اب بھی سفارش کرتا ہے کہ مقدار اعتدال میں رکھی جائے، خاص طور پر اگر آپ کو دل کی بیماری یا بلند کولیسٹرول ہو۔,,"Cholesterol: {cholMg}mg na 100g. To stosunkowo wysoko. Choć cholesterol z diety ma mniejszy wpływ, niż wcześniej sądzono, NHS nadal zaleca utrzymywanie umiarkowanego spożycia, szczególnie jeśli masz chorobę serca lub wysoki cholesterol.",,
detail.drroot.cholesterol.normal,js_template,,Cholesterol: {cholMg}mg per 100g.,کولیسٹرول: فی 100g میں {cholMg}mg۔,,Cholesterol: {cholMg}mg na 100g.,,
detail.drroot.sodium,js_template,HEALTH-CHECK,"Sodium: {sodiumMg}mg per 100g (salt = sodium × 2.5). The NHS recommends no more than 2,400mg sodium per day.","سوڈیم: فی 100g میں {sodiumMg}mg (نمک = سوڈیم × 2.5)۔ NHS کی سفارش ہے کہ روزانہ 2,400mg سے زیادہ سوڈیم نہ لیا جائے۔",,"Sód: {sodiumMg}mg na 100g (sól = sód × 2,5). NHS zaleca nie więcej niż 2 400mg sodu dziennie.",,
detail.drroot.sodium.hypertensionSuffix,js_template,HEALTH-CHECK," For hypertension, lower is better — aim for under 1,500mg per day."," بلند فشارِ خون کے لیے، کم بہتر ہے — روزانہ 1,500mg سے کم رکھنے کی کوشش کریں۔",," W przypadku nadciśnienia im mniej, tym lepiej – dąż do mniej niż 1 500mg dziennie.",,appended when profile is hypertension
detail.drroot.calcium,js_template,HEALTH-CHECK,Calcium: {caMg}mg per 100g. Adults need 700mg per day for healthy bones and teeth.,کیلشیم: فی 100g میں {caMg}mg۔ بالغ افراد کو صحت مند ہڈیوں اور دانتوں کے لیے روزانہ 700mg کی ضرورت ہوتی ہے۔,,Wapń: {caMg}mg na 100g. Dorośli potrzebują 700mg dziennie dla zdrowych kości i zębów.,,
detail.drroot.calcium.goodSourceSuffix,js_template,, This is a good source of calcium., یہ کیلشیم کا ایک اچھا ذریعہ ہے۔,, To dobre źródło wapnia.,,appended when calcium*1000 > 120
detail.drroot.iron,js_template,HEALTH-CHECK,"Iron: {feMg}mg per 100g. Men need 8.7mg per day, women (19-50) need 14.8mg per day.",آئرن: فی 100g میں {feMg}mg۔ مردوں کو روزانہ 8.7mg اور خواتین (19-50) کو روزانہ 14.8mg کی ضرورت ہوتی ہے۔,,"Żelazo: {feMg}mg na 100g. Mężczyźni potrzebują 8,7mg dziennie, kobiety (19–50 lat) potrzebują 14,8mg dziennie.",,
detail.drroot.iron.usefulSourceSuffix,js_template,, This is a useful source of iron., یہ آئرن کا ایک مفید ذریعہ ہے۔,, To przydatne źródło żelaza.,,appended when iron*1000 > 2.1
detail.drroot.vitaminD,js_template,HEALTH-CHECK,"Vitamin D: {vdUg}µg per 100g. The NHS recommends 10µg per day for everyone. Most people in the UK don't get enough, especially in winter.",وٹامن D: فی 100g میں {vdUg}µg۔ NHS کی سفارش ہے کہ ہر کسی کے لیے روزانہ 10µg۔ برطانیہ میں زیادہ تر لوگوں کو کافی مقدار نہیں ملتی، خاص طور پر سردیوں میں۔,,"Witamina D: {vdUg}µg na 100g. NHS zaleca 10µg dziennie dla każdego. Większość ludzi w Wielkiej Brytanii nie spożywa jej wystarczająco, zwłaszcza zimą.",,
detail.drroot.vitaminD.contributesSuffix,js_template,HEALTH-CHECK, This contributes meaningfully to your daily intake., یہ آپ کی روزانہ کی مقدار میں نمایاں طور پر حصہ ڈالتا ہے۔,, To znacząco przyczynia się do Twojego dziennego spożycia.,,appended when vitD*1000000 > 1.5
detail.drroot.vitaminC,js_template,HEALTH-CHECK,Vitamin C: {vcMg}mg per 100g. Adults need 40mg per day. Vitamin C supports the immune system and helps the body absorb iron.,وٹامن C: فی 100g میں {vcMg}mg۔ بالغ افراد کو روزانہ 40mg کی ضرورت ہوتی ہے۔ وٹامن C مدافعتی نظام کو سہارا دیتا ہے اور جسم کو آئرن جذب کرنے میں مدد دیتا ہے۔,,Witamina C: {vcMg}mg na 100g. Dorośli potrzebują 40mg dziennie. Witamina C wspiera układ odpornościowy i pomaga organizmowi wchłaniać żelazo.,,line approx; near vitamin C block
detail.drroot.vitaminC.goodSourceSuffix,js_template,, Good source., اچھا ذریعہ۔,, Dobre źródło.,,appended when vitC*1000 > 12
detail.nutriscore.label.a,js_literal,,Excellent,بہترین,,Doskonały,,
detail.nutriscore.label.b,js_literal,,Good,اچھا,,Dobry,,
detail.nutriscore.label.c,js_literal,,Average,اوسط,,Przeciętny,,
detail.nutriscore.label.d,js_literal,,Poor,ناقص,,Słaby,,
detail.nutriscore.label.e,js_literal,,Bad,خراب,,Zły,,
detail.nutriscore.advice.a,js_literal,,This product scores well overall for nutritional quality.,یہ پروڈکٹ غذائی معیار کے لحاظ سے مجموعی طور پر اچھے نمبر حاصل کرتی ہے۔,,Ten produkt wypada dobrze pod względem jakości odżywczej.,,
detail.nutriscore.advice.b,js_literal,,A reasonable choice. Could be eaten regularly as part of a balanced diet.,ایک معقول انتخاب۔ متوازن غذا کے حصے کے طور پر باقاعدگی سے کھایا جا سکتا ہے۔,,Rozsądny wybór. Można go spożywać regularnie jako część zbilansowanej diety.,,
detail.nutriscore.advice.c,js_literal,,Moderate nutritional quality. Fine occasionally but check the details.,درمیانہ غذائی معیار۔ کبھی کبھار ٹھیک ہے لیکن تفصیلات چیک کریں۔,,"Umiarkowana jakość odżywcza. W porządku od czasu do czasu, ale sprawdź szczegóły.",,
detail.nutriscore.advice.d,js_literal,,Poor nutritional quality overall. Worth looking for alternatives.,مجموعی طور پر غذائی معیار کمزور ہے۔ متبادل تلاش کرنا بہتر رہے گا۔,,Ogólnie słaba jakość odżywcza. Warto poszukać alternatyw.,,
detail.nutriscore.advice.e,js_literal,,"Very poor nutritional quality. Best kept as an occasional treat, not a regular choice.",غذائی معیار بہت کمزور ہے۔ اسے کبھی کبھار کی عیاشی کے طور پر رکھنا بہتر ہے، باقاعدہ انتخاب کے طور پر نہیں۔,,"Bardzo słaba jakość odżywcza. Najlepiej traktować jako okazjonalny przysmak, a nie regularny wybór.",,
detail.nutriscore.sentence,js_template,HEALTH-CHECK,"Nutri-Score {grade} ({label}). {advice} Nutri-Score is calculated from energy, sugar, saturated fat, sodium, fibre, protein, and fruit/veg content.",Nutri-Score {grade} ({label})۔ {advice} Nutri-Score کا حساب توانائی، چینی، سیر شدہ چکنائی، سوڈیم، ریشے، پروٹین اور پھل/سبزی کے مواد سے لگایا جاتا ہے۔,,"Nutri-Score {grade} ({label}). {advice} Nutri-Score jest obliczany na podstawie energii, cukru, tłuszczów nasyconych, sodu, błonnika, białka oraz zawartości owoców i warzyw.",,
detail.nova.desc.1,js_literal,,Unprocessed or minimally processed food. These are the healthiest choices — whole foods with nothing added.,غیر پروسس شدہ یا کم سے کم پروسس شدہ غذا۔ یہ سب سے صحت مند انتخاب ہیں — مکمل غذائیں جن میں کچھ شامل نہیں کیا گیا۔,,Żywność nieprzetworzona lub minimalnie przetworzona. To najzdrowsze wybory — pełnowartościowe produkty bez żadnych dodatków.,,
detail.nova.desc.2,js_literal,,"Processed culinary ingredients (oils, butter, sugar, salt). Used in cooking rather than eaten alone.",پروسس شدہ پکوان کے اجزاء (تیل، مکھن، چینی، نمک)۔ یہ اکیلے کھانے کے بجائے کھانا پکانے میں استعمال ہوتے ہیں۔,,"Przetworzone składniki kulinarne (oleje, masło, cukier, sól). Używane do gotowania, a nie spożywane samodzielnie.",,
detail.nova.desc.3,js_literal,,"Processed food. Made by adding salt, oil, sugar or other substances to Group 1 foods. Examples: tinned vegetables, cheese, bread.",پروسس شدہ غذا۔ Group 1 کی غذاؤں میں نمک، تیل، چینی یا دیگر اشیاء شامل کر کے بنائی جاتی ہے۔ مثالیں: ڈبہ بند سبزیاں، پنیر، روٹی۔,,"Żywność przetworzona. Powstaje przez dodanie soli, oleju, cukru lub innych substancji do produktów z Grupy 1. Przykłady: warzywa w puszce, ser, chleb.",,
detail.nova.desc.4,js_literal,HEALTH-CHECK,"Ultra-processed food. Industrial formulations with additives like emulsifiers, flavourings, and colours. Research links high ultra-processed food intake to obesity, Type 2 diabetes, and cardiovascular disease.",الٹرا پروسس شدہ غذا۔ ایسی صنعتی تشکیلات جن میں ایمولسیفائرز، فلیورنگ اور رنگ جیسے اضافی اجزاء شامل ہوتے ہیں۔ تحقیق الٹرا پروسس شدہ غذا کے زیادہ استعمال کو موٹاپے، ٹائپ 2 ذیابیطس اور دل کی بیماریوں سے جوڑتی ہے۔,,"Żywność wysoko przetworzona. Przemysłowe formulacje z dodatkami takimi jak emulgatory, aromaty i barwniki. Badania wiążą wysokie spożycie żywności wysoko przetworzonej z otyłością, cukrzycą typu 2 i chorobami układu sercowo-naczyniowego.",,
detail.nova.sentence,js_template,,NOVA Group {nova}: {desc},NOVA Group {nova}: {desc},,Grupa NOVA {nova}: {desc},,
detail.nova.diabetesSuffix,js_template,HEALTH-CHECK," For people managing diabetes, reducing ultra-processed food intake is particularly important — studies show a 17% increase in T2D risk for every 10% increase in ultra-processed food consumption.", ذیابیطس کا انتظام کرنے والے افراد کے لیے الٹرا پروسس شدہ غذا کا استعمال کم کرنا خاص طور پر اہم ہے — مطالعات بتاتے ہیں کہ الٹرا پروسس شدہ غذا کے استعمال میں ہر 10% اضافے پر T2D کے خطرے میں 17% اضافہ ہوتا ہے۔,, Dla osób kontrolujących cukrzycę ograniczenie spożycia żywności wysoko przetworzonej jest szczególnie ważne — badania pokazują wzrost ryzyka cukrzycy typu 2 o 17% na każde 10% wzrostu spożycia żywności wysoko przetworzonej.,,appended when nova===4 and profile is diabetes
detail.drroot.hiddenSodium,js_template,HEALTH-CHECK,Hidden sodium detected: {aliases}. These additives contribute to your overall sodium intake and may not be fully reflected in the salt figure on the label.,چھپا ہوا سوڈیم پایا گیا: {aliases}۔ یہ اضافی اجزاء آپ کے مجموعی سوڈیم کے استعمال میں اضافہ کرتے ہیں اور ممکن ہے کہ لیبل پر دیے گئے نمک کے اعداد میں مکمل طور پر ظاہر نہ ہوں۔,,Wykryto ukryty sód: {aliases}. Te dodatki zwiększają ogólne spożycie sodu i mogą nie być w pełni uwzględnione w wartości soli podanej na etykiecie.,,aliases = comma-joined matched ingredient terms
detail.drroot.attribution,js_template,,Dr RooT says,Dr RooT کہتے ہیں,,Dr RooT mówi,,"<strong>, preceded by drRootAvatar() icon"
notfound.heading.incomplete,js_literal,,Not enough label info,لیبل کی معلومات ناکافی ہیں,,Za mało informacji z etykiety,,showNotFound heading when reason='incomplete'
notfound.heading.notInDb,js_literal,,Product Not Found,پروڈکٹ نہیں ملی,,Nie znaleziono produktu,,showNotFound heading default (not_in_db)
notfound.banner.incomplete.strong,js_template,,"KiP found this product, but key values are missing",KiP کو یہ پروڈکٹ مل گئی، لیکن اہم اقدار غائب ہیں,,"KiP znalazł ten produkt, ale brakuje kluczowych wartości",,banner <strong> for incomplete
notfound.banner.notInDb.strong,js_template,,KiP couldn't find barcode {barcode},KiP کو بارکوڈ {barcode} نہیں مل سکا,,KiP nie znalazł kodu kreskowego {barcode},,banner <strong> for not_in_db
notfound.banner.incomplete.body,js_literal,,"The sugar or salt figures aren't recorded, so KiP can't give you a read. Photograph the label and KiP will read it for you.",چینی یا نمک کے اعداد درج نہیں ہیں، اس لیے KiP آپ کو نتیجہ نہیں دے سکتا۔ لیبل کی تصویر کھینچیں اور KiP اسے آپ کے لیے پڑھ لے گا۔,,"Wartości cukru lub soli nie są zapisane, więc KiP nie może dać odczytu. Sfotografuj etykietę, a KiP odczyta ją za Ciebie.",,banner body for incomplete
notfound.banner.notInDb.body,js_literal,,This product isn't in the Open Food Facts database yet. You can help by adding it.,یہ پروڈکٹ ابھی Open Food Facts ڈیٹابیس میں نہیں ہے۔ آپ اسے شامل کر کے مدد کر سکتے ہیں۔,,"Tego produktu nie ma jeszcze w bazie Open Food Facts. Możesz pomóc, dodając go.",,banner body for not_in_db
notfound.bubble.incomplete,js_literal,,"KiP! KiP! I found it, but I'm missing the numbers that matter. Show me the label.",KiP! KiP! مجھے یہ مل گئی، لیکن جو اعداد اہم ہیں وہ غائب ہیں۔ مجھے لیبل دکھائیں۔,,"KiP! KiP! Znalazłem go, ale brakuje mi liczb, które mają znaczenie. Pokaż mi etykietę.",,SaK/KiP speech bubble for incomplete
notfound.bubble.notInDb,js_literal,,KiP! KiP! I can't find this one yet. But you can help fill the gap.,KiP! KiP! مجھے یہ ابھی نہیں مل رہی۔ لیکن آپ یہ خلا پُر کرنے میں مدد کر سکتے ہیں۔,,KiP! KiP! Tego jeszcze nie mogę znaleźć. Ale możesz pomóc wypełnić tę lukę.,,SaK/KiP speech bubble for not_in_db
notfound.btn.photographLabel,html_text,,Photograph the label,لیبل کی تصویر کھینچیں,,Sfotografuj etykietę,,primary button in showNotFound
notfound.btn.enterManually,html_text,,Enter values manually,اقدار خود درج کریں,,Wprowadź wartości ręcznie,,outline button in showNotFound
contribute.save.btn.submitPhoto,js_literal,,Submit photo,تصویر جمع کرائیں,,Prześlij zdjęcie,,contribute save button text (photo)
contribute.photo.previewCaptured,js_template,,Photo captured: {filename},تصویر کھینچ لی گئی: {filename},,Zrobiono zdjęcie: {filename},,photo preview text node set via textContent
contribute.success.bannerStrong,html_text,,Added to the I500,I500 میں شامل کر دیا گیا,,Dodano do I500,,
contribute.success.bannerBody,html_text,,"Your contribution is in the queue. Next time anyone scans this barcode, the data's there.",آپ کا تعاون قطار میں ہے۔ اگلی بار جب بھی کوئی یہ بارکوڈ اسکین کرے گا، ڈیٹا وہاں موجود ہوگا۔,,"Twój wkład czeka w kolejce. Następnym razem, gdy ktokolwiek zeskanuje ten kod kreskowy, dane będą na miejscu.",,
contribute.success.bubble,html_text,,You've just helped close a gap that the mainstream apps leave open. Thank you.,آپ نے ابھی ایک ایسا خلا پُر کرنے میں مدد کی جسے مرکزی دھارے کی ایپس کھلا چھوڑ دیتی ہیں۔ شکریہ۔,,"Właśnie pomogłeś zamknąć lukę, którą popularne aplikacje zostawiają otwartą. Dziękujemy.",,KiP speech bubble
contribute.success.btn.viewDetails,html_text,,View product details,پروڈکٹ کی تفصیلات دیکھیں,,Zobacz szczegóły produktu,,
error.title,js_literal,,Error,خرابی,,Błąd,,set as result-name textContent in showError()
error.message,js_template,,{msg},{msg},,{msg},,showError(msg) renders the passed error message inside <strong>; message text comes from callers
error.try_again,html_text,,Try again,دوبارہ کوشش کریں,,Spróbuj ponownie,,button label inside showError() template; {msg} rendered above in verdict-text strong
ocr.basis.per_100g,js_literal,,per 100g,فی 100g,,na 100g,,basisLabel() return value
ocr.basis.per_serving,js_literal,,per serving,فی سرونگ,,na porcję,,basisLabel() return value
ocr.basis.unknown,js_literal,,basis unknown,بنیاد معلوم نہیں,,podstawa nieznana,,basisLabel() default return
ocr.visual.label,js_template,,{value}{unit} {nutrient} {basis},{value}{unit} {nutrient} {basis},,{value}{unit} {nutrient} {basis},,visualRow label; nutrient is literal 'salt' or 'sugar'; basis from basisLabel(); verdict HIGH/MEDIUM/LOW may be appended
ocr.basis.uncertain.warning,js_literal,,"Basis unclear. We could not tell whether these values are per 100g or per serving, so treat every figure below with extra caution.",بنیاد واضح نہیں ہے۔ ہم یہ نہیں بتا سکے کہ یہ اقدار فی 100g ہیں یا فی سرونگ، اس لیے نیچے دیے گئے ہر عدد کو زیادہ احتیاط سے دیکھیں۔,,"Niejasna podstawa. Nie mogliśmy ustalić, czy te wartości są podane na 100g, czy na porcję, więc traktuj każdą poniższą liczbę ze szczególną ostrożnością.",,renderReadout basisWarn; 'Basis unclear.' wrapped in <strong>
ocr.row.saturates,js_literal,,of which saturates,جس میں سے سیر شدہ,,w tym kwasy tłuszczowe nasycone,,"indented sub-row; source has two leading spaces used as indent marker, trimmed before display"
ocr.row.carbohydrate,js_literal,,Carbohydrate,کاربوہائیڈریٹ,,Węglowodany,,nutrition row label
ocr.row.salt.derived,js_template,HEALTH-CHECK,(derived from sodium),(سوڈیم سے اخذ کردہ),,(wyliczone z sodu),,appended to Salt value when derived; styled span
ocr.disclaimer.unverified,js_literal,,"Read from your photo — not yet verified. Values we couldn’t read clearly are shown as ‘Data unavailable,’ never as zero. Always check these figures against the label before making a decision.",آپ کی تصویر سے پڑھا گیا — ابھی تصدیق نہیں ہوئی۔ جو اقدار ہم واضح طور پر نہیں پڑھ سکے انہیں ’ڈیٹا دستیاب نہیں‘ کے طور پر دکھایا گیا ہے، کبھی صفر کے طور پر نہیں۔ کوئی فیصلہ کرنے سے پہلے ہمیشہ ان اعداد کا لیبل سے ملان کریں۔,,"Odczytano z Twojego zdjęcia — jeszcze niezweryfikowane. Wartości, których nie udało nam się wyraźnie odczytać, są pokazane jako „Dane niedostępne”, nigdy jako zero. Zawsze porównaj te liczby z etykietą przed podjęciem decyzji.",,EXACT canonical persistent disclaimer; first sentence in <strong>; uses em-dash and curly quotes
ocr.retake_photo,js_literal,,Retake photo,دوبارہ تصویر کھینچیں,,Zrób zdjęcie ponownie,,button label; appears in renderReadout retake button and renderFailure button (line 4053)
ocr.pill.unverified,js_literal,,Unverified,غیر تصدیق شدہ,,Niezweryfikowane,,uppercase pill badge on unverified read card; text-transform:uppercase via CSS
ocr.instant_read,js_template,,Instant read · {basis},فوری نتیجہ · {basis},,Natychmiastowy odczyt · {basis},,middot separator; basis from basisLabel()
ocr.failure.message,js_literal,,We couldn’t read this photo automatically. Your photo is still saved for our team to verify — or type the values into the fields above.,ہم یہ تصویر خودکار طور پر نہیں پڑھ سکے۔ آپ کی تصویر ہماری ٹیم کی تصدیق کے لیے اب بھی محفوظ ہے — یا اوپر دیے گئے خانوں میں اقدار خود درج کریں۔,,"Nie udało nam się automatycznie odczytać tego zdjęcia. Twoje zdjęcie nadal jest zapisane, aby nasz zespół mógł je zweryfikować — albo wpisz wartości w pola powyżej.",,renderFailure() message; em-dash; followed by Retake photo button
ocr.vision.prefill_nudge,js_literal,,"Decoded from your photo. The values are pre-filled above — correct anything wrong, then tap Submit.",آپ کی تصویر سے ڈی کوڈ کیا گیا۔ اقدار اوپر پہلے سے بھر دی گئی ہیں — جو غلط ہو اسے درست کریں، پھر Submit دبائیں۔,,"Odczytano z Twojego zdjęcia. Wartości są wstępnie wypełnione powyżej — popraw to, co błędne, a następnie dotknij Prześlij.",,populateFromVision prepended nudge; em-dash
ocr.status.reading_label,js_literal,,Reading the label…,لیبل پڑھا جا رہا ہے…,,Odczytywanie etykiety…,,renderStatus message in runVisionOCR; ellipsis char
ocr.status.reading_on_device,js_literal,,Reading the label on your device…,آپ کے آلے پر لیبل پڑھا جا رہا ہے…,,Odczytywanie etykiety na Twoim urządzeniu…,,renderStatus message in runLabelOCR (Tesseract on-device path); ellipsis char
